<?xml version="1.0" encoding="UTF-8"?>
<beans xmlns="http://www.springframework.org/schema/beans"
    xmlns:xsi="http://www.w3.org/2001/XMLSchema-instance"
    xmlns:p="http://www.springframework.org/schema/p"
    xmlns:context="http://www.springframework.org/schema/context"
    xsi:schemaLocation="http://www.springframework.org/schema/beans http://www.springframework.org/schema/beans/spring-beans-3.0.xsd                http://www.springframework.org/schema/context http://www.springframework.org/schema/context/spring-context-3.0.xsd">
 
    <bean id="freemarkerConfig" class="org.springframework.web.servlet.view.freemarker.FreeMarkerConfigurer">
      <property name="templateLoaderPath" value="/WEB-INF/freemarker/"/>
    </bean>
     
    <bean id="viewResolver" class="org.springframework.web.servlet.view.freemarker.FreeMarkerViewResolver">
      <property name="cache" value="false"/>
      <property name="prefix" value=""/>
      <property name="suffix" value=".ftl"/>
    </bean>
    
    <context:component-scan base-package="com.personalweb.ui" />
    
</beans>